Date,gold,,oil,,bond,,Y9999 ,,USA,,
2018/3/1,"1,367.60",2018/3/1,60.98,2018/3/1,2.81,2018/3/1,"10,785.79",20180301,28.95,1-Mar-18,"10,951.00"
2018/3/2,"1,385.80",2018/3/2,61.19,2018/3/2,2.86,2018/3/2,"10,698.17",20180302,28.925,2-Mar-18,"11,086.40"
2018/3/5,"1,382.10",2018/3/5,62.49,2018/3/5,2.88,2018/3/5,"10,642.90",20180305,28.93,5-Mar-18,"11,573.30"
2018/3/6,"1,397.50",2018/3/6,62.54,2018/3/6,2.88,2018/3/6,"10,784.34",20180306,28.925,6-Mar-18,"10,779.90"
2018/3/7,"1,389.50",2018/3/7,61.09,2018/3/7,2.89,2018/3/7,"10,745.32",20180307,28.9,7-Mar-18,"9,965.57"
2018/3/8,"1,384.00",2018/3/8,60.13,2018/3/8,2.86,2018/3/8,"10,823.24",20180308,28.91,8-Mar-18,"9,395.01"
2018/3/9,"1,386.90",2018/3/9,62.02,2018/3/9,2.9,2018/3/9,"10,864.82",20180309,28.94,9-Mar-18,"9,337.55"
2018/3/12,"1,383.70",2018/3/12,61.35,2018/3/12,2.87,2018/3/12,"11,002.10",20180312,28.925,12-Mar-18,"9,205.12"
2018/3/13,"1,390.30",2018/3/13,60.69,2018/3/13,2.84,2018/3/13,"11,095.63",20180313,28.9,13-Mar-18,"9,194.85"
2018/3/14,"1,388.60",2018/3/14,60.89,2018/3/14,2.81,2018/3/14,"11,038.80",20180314,28.9,14-Mar-18,"8,269.81"
2018/3/15,"1,380.60",2018/3/15,61.16,2018/3/15,2.82,2018/3/15,"11,018.45",20180315,28.835,15-Mar-18,"8,300.86"
2018/3/16,"1,375.20",2018/3/16,62.29,2018/3/16,2.85,2018/3/16,"11,027.70",20180316,28.81,16-Mar-18,"8,338.35"
2018/3/19,"1,380.60",2018/3/19,62.01,2018/3/19,2.85,2018/3/19,"11,046.90",20180319,28.84,19-Mar-18,"8,630.65"
2018/3/20,"1,375.10",2018/3/20,63.37,2018/3/20,2.89,2018/3/20,"11,010.84",20180320,28.81,20-Mar-18,"8,913.47"
2018/3/21,"1,385.50",2018/3/21,65.1,2018/3/21,2.89,2018/3/21,"11,011.07",20180321,28.825,21-Mar-18,"8,929.28"
2018/3/22,"1,391.10",2018/3/22,64.25,2018/3/22,2.83,2018/3/22,"11,005.84",20180322,28.795,22-Mar-18,"8,728.47"
2018/3/23,"1,413.90",2018/3/23,65.8,2018/3/23,2.82,2018/3/23,"10,823.33",20180323,28.81,23-Mar-18,"8,879.62"
2018/3/26,"1,419.90",2018/3/26,65.49,2018/3/26,2.85,2018/3/26,"10,840.05",20180326,28.795,26-Mar-18,"8,209.40"
2018/3/27,"1,406.70",2018/3/27,65.21,2018/3/27,2.78,2018/3/27,"10,986.79",20180327,28.785,27-Mar-18,"7,833.04"
2018/3/28,"1,387.80",2018/3/28,64.3,2018/3/28,2.77,2018/3/28,"10,865.66",20180328,28.805,28-Mar-18,"7,954.48"
2018/3/29,"1,384.90",2018/3/29,64.87,2018/3/29,2.74,2018/3/29,"10,845.92",20180329,28.8,29-Mar-18,"7,165.70"
2018/4/2,"1,404.70",2018/4/2,63.05,2018/4/2,2.73,2018/4/2,"10,888.27",20180330,28.755,2-Apr-18,"7,083.80"
2018/4/3,"1,395.40",2018/4/3,63.41,2018/4/3,2.79,2018/4/3,"10,821.53",20180331,28.755,3-Apr-18,"7,456.11"
2018/4/9,"1,398.50",2018/4/9,63.4,2018/4/9,2.78,2018/4/9,"10,893.53",20180402,28.785,9-Apr-18,"6,770.73"
2018/4/10,"1,404.40",2018/4/10,65.48,2018/4/10,2.8,2018/4/10,"10,927.18",20180403,28.79,10-Apr-18,"6,834.76"
2018/4/11,"1,418.90",2018/4/11,66.81,2018/4/11,2.79,2018/4/11,"10,974.02",20180409,28.845,11-Apr-18,"6,968.32"
2018/4/12,"1,400.30",2018/4/12,67.07,2018/4/12,2.83,2018/4/12,"10,955.29",20180410,28.835,12-Apr-18,"7,889.25"
2018/4/13,"1,406.60",2018/4/13,67.35,2018/4/13,2.82,2018/4/13,"10,965.39",20180411,28.845,13-Apr-18,"7,895.96"
2018/4/16,"1,409.30",2018/4/16,66.23,2018/4/16,2.83,2018/4/16,"10,954.55",20180412,28.905,16-Apr-18,"8,058.67"
2018/4/17,"1,408.00",2018/4/17,66.5,2018/4/17,2.82,2018/4/17,"10,810.45",20180413,28.94,17-Apr-18,"7,902.09"
2018/4/18,"1,412.20",2018/4/18,68.44,2018/4/18,2.87,2018/4/18,"10,847.89",20180416,29.06,18-Apr-18,"8,163.42"
2018/4/19,"1,407.50",2018/4/19,68.3,2018/4/19,2.92,2018/4/19,"10,971.22",20180417,29.005,19-Apr-18,"8,294.31"
2018/4/20,"1,396.90",2018/4/20,68.26,2018/4/20,2.96,2018/4/20,"10,779.38",20180418,29.005,20-Apr-18,"8,845.83"
2018/4/23,"1,382.70",2018/4/23,67.61,2018/4/23,2.98,2018/4/23,"10,697.13",20180419,28.99,23-Apr-18,"8,930.88"
2018/4/24,"1,391.80",2018/4/24,67.66,2018/4/24,3,2018/4/24,"10,579.50",20180420,29.055,24-Apr-18,"9,697.50"
2018/4/25,"1,381.60",2018/4/25,68,2018/4/25,3.03,2018/4/25,"10,559.97",20180423,29.175,25-Apr-18,"8,845.74"
2018/4/26,"1,376.70",2018/4/26,68.18,2018/4/26,3,2018/4/26,"10,488.58",20180424,29.26,26-Apr-18,"9,281.51"
2018/4/27,"1,382.30",2018/4/27,68.11,2018/4/27,2.96,2018/4/27,"10,553.43",20180425,29.3,27-Apr-18,"8,987.05"
2018/4/30,"1,377.80",2018/4/30,68.56,2018/4/30,2.95,2018/4/30,"10,657.88",20180426,29.355,30-Apr-18,"9,240.55"
2018/5/2,"1,364.00",2018/5/2,67.91,2018/5/2,2.97,2018/5/2,"10,618.81",20180427,29.27,2-May-18,"9,235.92"
2018/5/3,"1,371.10",2018/5/3,68.45,2018/5/3,2.94,2018/5/3,"10,514.18",20180430,29.255,3-May-18,"9,743.86"
2018/5/4,"1,373.40",2018/5/4,69.71,2018/5/4,2.95,2018/5/4,"10,529.37",20180502,29.385,4-May-18,"9,700.76"
2018/5/7,"1,372.90",2018/5/7,70.74,2018/5/7,2.95,2018/5/7,"10,604.91",20180503,29.375,7-May-18,"9,373.01"
2018/5/8,"1,372.50",2018/5/8,68.83,2018/5/8,2.97,2018/5/8,"10,691.38",20180504,29.355,8-May-18,"9,234.82"
2018/5/9,"1,371.70",2018/5/9,71.16,2018/5/9,3,2018/5/9,"10,703.35",20180507,29.405,9-May-18,"9,325.18"
2018/5/10,"1,380.80",2018/5/10,71.36,2018/5/10,2.97,2018/5/10,"10,760.21",20180508,29.43,10-May-18,"9,043.94"
2018/5/11,"1,379.10",2018/5/11,70.69,2018/5/11,2.97,2018/5/11,"10,858.98",20180509,29.575,11-May-18,"8,441.49"
2018/5/14,"1,376.60",2018/5/14,71.01,2018/5/14,3,2018/5/14,"10,952.39",20180510,29.51,14-May-18,"8,716.79"
2018/5/15,"1,348.50",2018/5/15,71.34,2018/5/15,3.08,2018/5/15,"10,874.73",20180511,29.41,15-May-18,"8,510.38"
2018/5/16,"1,350.10",2018/5/16,71.43,2018/5/16,3.09,2018/5/16,"10,897.57",20180514,29.38,16-May-18,"8,368.83"
2018/5/17,"1,347.90",2018/5/17,71.47,2018/5/17,3.11,2018/5/17,"10,833.81",20180515,29.5,17-May-18,"8,094.32"
2018/5/18,"1,349.20",2018/5/18,71.23,2018/5/18,3.06,2018/5/18,"10,830.84",20180516,29.525,18-May-18,"8,250.97"
2018/5/21,"1,349.00",2018/5/21,72.26,2018/5/21,3.06,2018/5/21,"10,966.20",20180517,29.545,21-May-18,"8,418.99"
2018/5/22,"1,350.00",2018/5/22,72.09,2018/5/22,3.06,2018/5/22,"10,938.73",20180518,29.555,22-May-18,"8,041.78"
2018/5/23,"1,347.40",2018/5/23,71.85,2018/5/23,3.01,2018/5/23,"10,886.18",20180521,29.635,23-May-18,"7,557.82"
2018/5/24,"1,362.40",2018/5/24,70.77,2018/5/24,2.98,2018/5/24,"10,936.93",20180522,29.55,24-May-18,"7,587.34"
2018/5/25,"1,361.40",2018/5/25,67.92,2018/5/25,2.93,2018/5/25,"10,942.30",20180523,29.61,25-May-18,"7,480.14"
2018/5/29,"1,354.60",2018/5/29,66.8,2018/5/29,2.77,2018/5/29,"10,964.12",20180524,29.57,29-May-18,"7,472.59"
2018/5/30,"1,357.60",2018/5/30,68.24,2018/5/30,2.84,2018/5/30,"10,821.17",20180525,29.595,30-May-18,"7,406.52"
2018/5/31,"1,355.90",2018/5/31,66.98,2018/5/31,2.83,2018/5/31,"10,874.96",20180528,29.58,31-May-18,"7,494.17"
2018/6/1,"1,350.90",2018/6/1,65.81,2018/6/1,2.89,2018/6/1,"10,949.08",20180529,29.63,1-Jun-18,"7,541.45"
2018/6/4,"1,349.40",2018/6/4,64.76,2018/6/4,2.94,2018/6/4,"11,109.50",20180530,29.68,4-Jun-18,"7,514.47"
2018/6/5,"1,354.10",2018/6/5,65.51,2018/6/5,2.92,2018/6/5,"11,100.11",20180531,29.6,5-Jun-18,"7,633.76"
2018/6/6,"1,353.50",2018/6/6,64.75,2018/6/6,2.97,2018/6/6,"11,201.83",20180601,29.49,6-Jun-18,"7,653.98"
2018/6/7,"1,354.40",2018/6/7,65.96,2018/6/7,2.93,2018/6/7,"11,251.75",20180604,29.465,7-Jun-18,"7,678.24"
2018/6/8,"1,354.40",2018/6/8,65.77,2018/6/8,2.93,2018/6/8,"11,156.42",20180605,29.455,8-Jun-18,"7,624.92"
2018/6/11,"1,355.50",2018/6/11,66.1,2018/6/11,2.96,2018/6/11,"11,149.23",20180606,29.375,11-Jun-18,"6,906.92"
2018/6/12,"1,351.80",2018/6/12,66.38,2018/6/12,2.96,2018/6/12,"11,144.79",20180607,29.365,12-Jun-18,"6,582.36"
2018/6/13,"1,353.50",2018/6/13,66.63,2018/6/13,2.98,2018/6/13,"11,173.21",20180608,29.455,13-Jun-18,"6,349.90"
2018/6/14,"1,360.60",2018/6/14,66.91,2018/6/14,2.94,2018/6/14,"11,013.98",20180611,29.46,14-Jun-18,"6,675.35"
2018/6/15,"1,329.30",2018/6/15,65.01,2018/6/15,2.93,2018/6/15,"11,087.47",20180612,29.495,15-Jun-18,"6,456.58"
2018/6/19,"1,329.20",2018/6/19,65.09,2018/6/19,2.89,2018/6/19,"10,904.19",20180613,29.53,19-Jun-18,"6,769.94"
2018/6/20,"1,325.30",2018/6/20,65.92,2018/6/20,2.93,2018/6/20,"10,927.44",20180614,29.58,20-Jun-18,"6,776.55"
2018/6/21,"1,321.00",2018/6/21,65.68,2018/6/21,2.9,2018/6/21,"10,941.07",20180615,29.635,21-Jun-18,"6,729.74"
2018/6/22,"1,321.30",2018/6/22,69.02,2018/6/22,2.9,2018/6/22,"10,899.28",20180619,29.83,22-Jun-18,"6,083.69"
2018/6/25,"1,319.20",2018/6/25,69.91,2018/6/25,2.87,2018/6/25,"10,786.46",20180620,29.79,25-Jun-18,"6,249.18"
2018/6/26,"1,309.60",2018/6/26,75.23,2018/6/26,2.88,2018/6/26,"10,742.17",20180621,29.935,26-Jun-18,"6,093.67"
2018/6/27,"1,305.70",2018/6/27,77.41,2018/6/27,2.83,2018/6/27,"10,701.03",20180622,29.95,27-Jun-18,"6,157.13"
2018/6/28,"1,300.20",2018/6/28,73.45,2018/6/28,2.84,2018/6/28,"10,654.28",20180625,30.035,28-Jun-18,"5,903.44"
2018/6/29,"1,303.90",2018/6/29,74.13,2018/6/29,2.85,2018/6/29,"10,836.91",20180626,30.05,29-Jun-18,"6,218.30"
2018/7/2,"1,289.90",2018/7/2,73.89,2018/7/2,2.87,2018/7/2,"10,777.94",20180627,30.095,2-Jul-18,"6,614.18"
2018/7/3,"1,302.40",2018/7/3,74.19,2018/7/3,2.83,2018/7/3,"10,715.72",20180628,30.225,3-Jul-18,"6,529.59"
2018/7/5,"1,307.60",2018/7/5,73.05,2018/7/5,2.84,2018/7/5,"10,611.81",20180629,30.11,5-Jul-18,"6,639.14"
2018/7/6,"1,304.80",2018/7/6,73.78,2018/7/6,2.82,2018/7/6,"10,608.57",20180702,30.09,6-Jul-18,"6,673.50"
2018/7/9,"1,309.00",2018/7/9,73.93,2018/7/9,2.86,2018/7/9,"10,720.28",20180703,30.16,9-Jul-18,"6,741.75"
2018/7/10,"1,305.10",2018/7/10,74.11,2018/7/10,2.87,2018/7/10,"10,756.89",20180704,30.065,10-Jul-18,"6,329.95"
2018/7/11,"1,293.30",2018/7/11,70.47,2018/7/11,2.85,2018/7/11,"10,676.84",20180705,30.1,11-Jul-18,"6,394.71"
2018/7/12,"1,295.40",2018/7/12,70.28,2018/7/12,2.85,2018/7/12,"10,738.38",20180706,30.07,12-Jul-18,"6,228.81"
2018/7/13,"1,289.70",2018/7/13,71.03,2018/7/13,2.83,2018/7/13,"10,864.54",20180709,29.95,13-Jul-18,"6,238.05"
2018/7/16,"1,288.20",2018/7/16,68.22,2018/7/16,2.85,2018/7/16,"10,817.45",20180710,29.965,16-Jul-18,"6,741.75"
2018/7/17,"1,275.30",2018/7/17,68.03,2018/7/17,2.86,2018/7/17,"10,778.99",20180711,30.045,17-Jul-18,"7,321.04"
2018/7/18,"1,275.70",2018/7/18,68.78,2018/7/18,2.88,2018/7/18,"10,842.46",20180712,30.11,18-Jul-18,"7,370.78"
2018/7/19,"1,271.10",2018/7/19,69.42,2018/7/19,2.84,2018/7/19,"10,835.38",20180713,30.13,19-Jul-18,"7,466.86"
2018/7/20,"1,277.50",2018/7/20,70.31,2018/7/20,2.89,2018/7/20,"10,932.11",20180716,30.15,20-Jul-18,"7,354.13"
2018/7/23,"1,271.40",2018/7/23,67.9,2018/7/23,2.96,2018/7/23,"10,946.89",20180717,30.08,23-Jul-18,"7,711.11"
2018/7/24,"1,271.50",2018/7/24,70.77,2018/7/24,2.95,2018/7/24,"10,995.39",20180718,30.155,24-Jul-18,"8,424.27"
2018/7/25,"1,277.40",2018/7/25,71.13,2018/7/25,2.94,2018/7/25,"10,965.79",20180719,30.205,25-Jul-18,"8,181.39"
2018/7/26,"1,271.80",2018/7/26,71.59,2018/7/26,2.98,2018/7/26,"11,010.61",20180720,30.285,26-Jul-18,"7,951.58"
2018/7/27,"1,269.30",2018/7/27,68.66,2018/7/27,2.96,2018/7/27,"11,075.78",20180723,30.22,27-Jul-18,"8,165.01"
2018/7/30,"1,268.00",2018/7/30,71.19,2018/7/30,2.98,2018/7/30,"11,033.54",20180724,30.28,30-Jul-18,"8,180.48"
2018/7/31,"1,270.10",2018/7/31,69.88,2018/7/31,2.96,2018/7/31,"11,057.51",20180725,30.2,31-Jul-18,"7,780.44"
2018/8/1,"1,264.30",2018/8/1,68.8,2018/8/1,3,2018/8/1,"11,098.13",20180726,30.14,1-Aug-18,"7,624.91"
2018/8/2,"1,256.50",2018/8/2,68.95,2018/8/2,2.98,2018/8/2,"10,929.77",20180727,30.165,2-Aug-18,"7,567.15"
2018/8/3,"1,259.70",2018/8/3,68.49,2018/8/3,2.95,2018/8/3,"11,012.43",20180730,30.18,3-Aug-18,"7,434.39"
2018/8/6,"1,254.10",2018/8/6,69.01,2018/8/6,2.94,2018/8/6,"11,024.10",20180731,30.185,6-Aug-18,"6,951.80"
2018/8/7,"1,254.70",2018/8/7,69.17,2018/8/7,2.98,2018/8/7,"10,983.44",20180801,30.18,7-Aug-18,"6,753.12"
2018/8/8,"1,257.30",2018/8/8,66.92,2018/8/8,2.96,2018/8/8,"11,075.25",20180802,30.25,8-Aug-18,"6,305.80"
2018/8/9,"1,256.30",2018/8/9,66.81,2018/8/9,2.93,2018/8/9,"11,028.07",20180803,30.28,9-Aug-18,"6,568.23"
2018/8/10,"1,255.10",2018/8/10,67.61,2018/8/10,2.87,2018/8/10,"10,983.68",20180806,30.205,10-Aug-18,"6,184.71"
2018/8/13,"1,234.60",2018/8/13,67.25,2018/8/13,2.88,2018/8/13,"10,748.92",20180807,30.19,13-Aug-18,"6,297.57"
2018/8/14,"1,236.40",2018/8/14,67.04,2018/8/14,2.89,2018/8/14,"10,824.23",20180808,30.195,14-Aug-18,"6,199.71"
2018/8/15,"1,220.20",2018/8/15,65.07,2018/8/15,2.86,2018/8/15,"10,716.75",20180809,30.2,15-Aug-18,"6,308.52"
2018/8/16,"1,219.20",2018/8/16,65.44,2018/8/16,2.87,2018/8/16,"10,683.90",20180810,30.28,16-Aug-18,"6,334.73"
2018/8/17,"1,219.30",2018/8/17,65.93,2018/8/17,2.87,2018/8/17,"10,690.96",20180813,30.39,17-Aug-18,"6,580.63"
2018/8/20,"1,229.60",2018/8/20,66.5,2018/8/20,2.82,2018/8/20,"10,699.05",20180814,30.385,20-Aug-18,"6,308.53"
2018/8/21,"1,234.90",2018/8/21,67.32,2018/8/21,2.85,2018/8/21,"10,792.20",20180815,30.43,21-Aug-18,"6,488.76"
2018/8/22,"1,238.20",2018/8/22,67.85,2018/8/22,2.82,2018/8/22,"10,804.20",20180816,30.425,22-Aug-18,"6,376.71"
2018/8/23,"1,228.40",2018/8/23,69.13,2018/8/23,2.82,2018/8/23,"10,863.13",20180817,30.375,23-Aug-18,"6,534.88"
2018/8/24,"1,248.20",2018/8/24,69.71,2018/8/24,2.82,2018/8/24,"10,809.35",20180820,30.34,24-Aug-18,"6,719.96"
2018/8/27,"1,251.20",2018/8/27,69.97,2018/8/27,2.85,2018/8/27,"10,902.21",20180821,30.3,27-Aug-18,"6,884.64"
2018/8/28,"1,249.60",2018/8/28,68.54,2018/8/28,2.88,2018/8/28,"10,989.55",20180822,30.305,28-Aug-18,"7,096.28"
2018/8/29,"1,246.50",2018/8/29,69.68,2018/8/29,2.89,2018/8/29,"11,099.57",20180823,30.36,29-Aug-18,"7,047.16"
2018/8/30,"1,239.50",2018/8/30,70.25,2018/8/30,2.86,2018/8/30,"11,093.75",20180824,30.355,30-Aug-18,"6,978.23"
2018/8/31,"1,241.10",2018/8/31,69.84,2018/8/31,2.86,2018/8/31,"11,063.94",20180827,30.345,31-Aug-18,"7,037.58"
2018/9/4,"1,233.60",2018/9/4,69.82,2018/9/4,2.9,2018/9/4,"11,021.38",20180828,30.3,4-Sep-18,"7,361.66"
2018/9/5,"1,236.00",2018/9/5,68.69,2018/9/5,2.9,2018/9/5,"10,995.13",20180829,30.275,5-Sep-18,"6,792.83"
2018/9/6,"1,239.10",2018/9/6,67.81,2018/9/6,2.88,2018/9/6,"10,924.30",20180830,30.255,6-Sep-18,"6,529.17"
2018/9/7,"1,235.50",2018/9/7,67.73,2018/9/7,2.94,2018/9/7,"10,846.99",20180831,30.295,7-Sep-18,"6,467.07"
2018/9/10,"1,235.00",2018/9/10,67.55,2018/9/10,2.94,2018/9/10,"10,725.80",20180903,30.28,10-Sep-18,"6,329.70"
2018/9/11,"1,237.60",2018/9/11,69.29,2018/9/11,2.98,2018/9/11,"10,752.30",20180904,30.33,11-Sep-18,"6,321.20"
2018/9/12,"1,246.60",2018/9/12,70.37,2018/9/12,2.97,2018/9/12,"10,722.57",20180905,30.375,12-Sep-18,"6,351.80"
2018/9/13,"1,243.80",2018/9/13,68.6,2018/9/13,2.97,2018/9/13,"10,727.23",20180906,30.37,13-Sep-18,"6,517.31"
2018/9/14,"1,236.60",2018/9/14,68.98,2018/9/14,2.99,2018/9/14,"10,868.14",20180907,30.345,14-Sep-18,"6,512.71"
2018/9/17,"1,241.20",2018/9/17,68.86,2018/9/17,2.99,2018/9/17,"10,828.61",20180910,30.39,17-Sep-18,"6,281.20"
2018/9/18,"1,238.30",2018/9/18,69.87,2018/9/18,3.05,2018/9/18,"10,760.21",20180911,30.385,18-Sep-18,"6,371.30"
2018/9/19,"1,244.10",2018/9/19,71.08,2018/9/19,3.08,2018/9/19,"10,857.27",20180912,30.385,19-Sep-18,"6,398.54"
2018/9/20,"1,247.00",2018/9/20,70.77,2018/9/20,3.07,2018/9/20,"10,831.41",20180913,30.38,20-Sep-18,"6,519.67"
2018/9/21,"1,236.90",2018/9/21,70.8,2018/9/21,3.07,2018/9/21,"10,972.41",20180914,30.32,21-Sep-18,"6,734.95"
2018/9/25,"1,240.80",2018/9/25,73.4,2018/9/25,3.1,2018/9/25,"10,978.85",20180917,30.38,25-Sep-18,"6,446.47"
2018/9/26,"1,234.40",2018/9/26,72.22,2018/9/26,3.06,2018/9/26,"10,974.19",20180918,30.385,26-Sep-18,"6,495.00"
2018/9/27,"1,222.40",2018/9/27,72.18,2018/9/27,3.06,2018/9/27,"11,034.19",20180919,30.36,27-Sep-18,"6,676.75"
2018/9/28,"1,231.30",2018/9/28,73.16,2018/9/28,3.05,2018/9/28,"11,006.34",20180920,30.37,28-Sep-18,"6,644.13"
2018/10/1,"1,227.00",2018/10/1,75.37,2018/10/1,3.09,2018/10/1,"11,051.80",20180921,30.28,1-Oct-18,"6,589.62"
2018/10/2,"1,242.70",2018/10/2,75.16,2018/10/2,3.05,2018/10/2,"10,919.63",20180925,30.24,2-Oct-18,"6,556.10"
2018/10/3,"1,238.70",2018/10/3,76.4,2018/10/3,3.15,2018/10/3,"10,863.94",20180926,30.27,3-Oct-18,"6,502.59"
2018/10/4,"1,237.50",2018/10/4,74.44,2018/10/4,3.19,2018/10/4,"10,718.91",20180927,30.17,4-Oct-18,"6,576.69"
2018/10/5,"1,242.20",2018/10/5,74.26,2018/10/5,3.23,2018/10/5,"10,517.12",20180928,30.105,5-Oct-18,"6,622.48"
2018/10/9,"1,227.80",2018/10/9,74.95,2018/10/9,3.21,2018/10/9,"10,466.83",20181001,30.11,9-Oct-18,"6,642.64"
2018/10/11,"1,264.00",2018/10/11,70.97,2018/10/11,3.14,2018/10/11,"9,806.11",20181002,30.245,11-Oct-18,"6,256.24"
2018/10/12,"1,258.10",2018/10/12,71.41,2018/10/12,3.15,2018/10/12,"10,045.81",20181003,30.24,12-Oct-18,"6,274.58"
2018/10/15,"1,266.90",2018/10/15,71.84,2018/10/15,3.16,2018/10/15,"9,901.12",20181004,30.36,15-Oct-18,"6,596.54"
2018/10/16,"1,267.30",2018/10/16,71.93,2018/10/16,3.16,2018/10/16,"9,981.10",20181005,30.405,16-Oct-18,"6,596.11"
2018/10/17,"1,263.40",2018/10/17,69.63,2018/10/17,3.19,2018/10/17,"9,979.14",20181008,30.505,17-Oct-18,"6,544.43"
2018/10/18,"1,266.60",2018/10/18,68.63,2018/10/18,3.17,2018/10/18,"9,953.73",20181009,30.54,18-Oct-18,"6,476.71"
2018/10/19,"1,265.30",2018/10/19,69.16,2018/10/19,3.2,2018/10/19,"9,919.26",20181011,30.68,19-Oct-18,"6,465.41"
2018/10/22,"1,261.30",2018/10/22,69.25,2018/10/22,3.2,2018/10/22,"9,974.28",20181012,30.44,22-Oct-18,"6,487.16"
2018/10/23,"1,273.50",2018/10/23,66.49,2018/10/23,3.17,2018/10/23,"9,775.20",20181015,30.5,23-Oct-18,"6,475.74"
2018/10/24,"1,267.60",2018/10/24,66.56,2018/10/24,3.1,2018/10/24,"9,759.40",20181016,30.485,24-Oct-18,"6,495.84"
2018/10/25,"1,269.00",2018/10/25,67.25,2018/10/25,3.14,2018/10/25,"9,520.79",20181017,30.41,25-Oct-18,"6,476.29"
2018/10/26,"1,272.30",2018/10/26,67.58,2018/10/26,3.08,2018/10/26,"9,489.18",20181018,30.53,26-Oct-18,"6,474.75"
2018/10/29,"1,263.70",2018/10/29,67,2018/10/29,3.08,2018/10/29,"9,516.32",20181019,30.53,29-Oct-18,"6,332.63"
2018/10/30,"1,261.50",2018/10/30,66.18,2018/10/30,3.12,2018/10/30,"9,526.11",20181022,30.495,30-Oct-18,"6,334.27"
2018/10/31,"1,250.80",2018/10/31,65.31,2018/10/31,3.15,2018/10/31,"9,802.13",20181023,30.54,31-Oct-18,"6,317.61"
2018/11/1,"1,274.80",2018/11/1,63.67,2018/11/1,3.14,2018/11/1,"9,844.74",20181024,30.52,1-Nov-18,"6,377.78"
2018/11/2,"1,269.90",2018/11/2,63.12,2018/11/2,3.22,2018/11/2,"9,906.59",20181025,30.565,2-Nov-18,"6,388.44"
2018/11/5,"1,269.00",2018/11/5,63.12,2018/11/5,3.2,2018/11/5,"9,889.81",20181026,30.575,5-Nov-18,"6,419.66"
2018/11/6,"1,263.00",2018/11/6,62.16,2018/11/6,3.22,2018/11/6,"9,824.95",20181029,30.57,6-Nov-18,"6,461.01"
2018/11/7,"1,265.40",2018/11/7,61.69,2018/11/7,3.22,2018/11/7,"9,908.35",20181030,30.555,7-Nov-18,"6,530.14"
2018/11/8,"1,262.00",2018/11/8,60.71,2018/11/8,3.24,2018/11/8,"9,945.31",20181031,30.535,8-Nov-18,"6,453.72"
2018/11/9,"1,245.00",2018/11/9,60.19,2018/11/9,3.19,2018/11/9,"9,830.01",20181101,30.495,9-Nov-18,"6,385.62"
2018/11/12,"1,239.60",2018/11/12,59.85,2018/11/13,3.14,2018/11/13,"9,775.84",20181102,30.3,13-Nov-18,"6,359.49"
2018/11/13,"1,237.50",2018/11/13,55.63,2018/11/14,3.12,2018/11/14,"9,791.88",20181105,30.335,14-Nov-18,"5,738.35"
2018/11/14,"1,246.20",2018/11/14,56.16,2018/11/15,3.11,2018/11/15,"9,826.46",20181106,30.35,15-Nov-18,"5,648.03"
2018/11/15,"1,251.70",2018/11/15,56.45,2018/11/16,3.08,2018/11/16,"9,797.09",20181107,30.33,16-Nov-18,"5,575.55"
2018/11/16,"1,259.00",2018/11/16,56.49,2018/11/19,3.06,2018/11/19,"9,828.69",20181108,30.275,19-Nov-18,"4,871.49"
2018/11/19,"1,261.60",2018/11/19,57.16,2018/11/20,3.06,2018/11/20,"9,743.99",20181109,30.38,20-Nov-18,"4,451.87"
2018/11/20,"1,257.50",2018/11/20,53.39,2018/11/21,3.06,2018/11/21,"9,741.52",20181112,30.46,21-Nov-18,"4,602.17"
2018/11/21,"1,264.70",2018/11/21,54.41,2018/11/23,3.05,2018/11/23,"9,667.30",20181113,30.475,23-Nov-18,"4,347.11"
2018/11/26,"1,259.70",2018/11/26,51.46,2018/11/26,3.07,2018/11/26,"9,765.36",20181114,30.49,26-Nov-18,"3,779.13"
2018/11/27,"1,250.40",2018/11/27,51.31,2018/11/27,3.06,2018/11/27,"9,778.62",20181115,30.42,27-Nov-18,"3,820.72"
2018/11/28,"1,260.20",2018/11/28,50.06,2018/11/28,3.06,2018/11/28,"9,884.31",20181116,30.465,28-Nov-18,"4,257.42"
2018/11/29,"1,260.80",2018/11/29,51.46,2018/11/29,3.03,2018/11/29,"9,885.36",20181119,30.48,29-Nov-18,"4,278.85"
2018/11/30,"1,256.50",2018/11/30,50.78,2018/11/30,3.01,2018/11/30,"9,888.03",20181120,30.48,30-Nov-18,"4,017.27"
2018/12/3,"1,270.20",2018/12/3,52.98,2018/12/3,2.98,2018/12/3,"10,137.87",20181121,30.465,3-Dec-18,"3,894.13"
2018/12/4,"1,277.40",2018/12/4,53.21,2018/12/4,2.91,2018/12/4,"10,083.54",20181122,30.465,4-Dec-18,"3,956.89"
2018/12/5,"1,273.40",2018/12/5,52.64,2018/12/6,2.87,2018/12/6,"9,684.72",20181123,30.475,6-Dec-18,"3,521.10"
2018/12/6,"1,274.30",2018/12/6,51.54,2018/12/7,2.85,2018/12/7,"9,760.88",20181126,30.455,7-Dec-18,"3,419.94"
2018/12/7,"1,283.60",2018/12/7,52.76,2018/12/10,2.85,2018/12/10,"9,647.54",20181127,30.47,10-Dec-18,"3,502.66"
2018/12/10,"1,280.00",2018/12/10,51.07,2018/12/11,2.89,2018/12/11,"9,707.04",20181128,30.48,11-Dec-18,"3,424.59"
2018/12/11,"1,278.10",2018/12/11,51.65,2018/12/12,2.91,2018/12/12,"9,816.45",20181129,30.41,12-Dec-18,"3,486.95"
2018/12/12,"1,281.00",2018/12/12,51.04,2018/12/13,2.91,2018/12/13,"9,858.76",20181130,30.41,13-Dec-18,"3,313.68"
2018/12/13,"1,278.40",2018/12/13,52.69,2018/12/14,2.89,2018/12/14,"9,774.16",20181203,30.31,14-Dec-18,"3,242.48"
2018/12/14,"1,272.20",2018/12/14,51.26,2018/12/17,2.86,2018/12/17,"9,787.53",20181204,30.28,17-Dec-18,"3,545.86"
2018/12/17,"1,282.60",2018/12/17,49.8,2018/12/18,2.82,2018/12/18,"9,718.82",20181205,30.38,18-Dec-18,"3,696.06"
2018/12/18,"1,284.00",2018/12/18,46.12,2018/12/19,2.77,2018/12/19,"9,783.21",20181206,30.42,19-Dec-18,"3,745.95"
2018/12/19,"1,286.80",2018/12/19,47.96,2018/12/20,2.79,2018/12/20,"9,674.52",20181207,30.41,20-Dec-18,"4,134.44"
2018/12/20,"1,298.60",2018/12/20,45.64,2018/12/21,2.79,2018/12/21,"9,676.67",20181210,30.445,21-Dec-18,"3,896.54"
2018/12/21,"1,288.60",2018/12/21,45.38,2018/12/24,2.74,2018/12/24,"9,639.70",20181211,30.47,24-Dec-18,"4,078.60"
2018/12/26,"1,303.70",2018/12/26,46.04,2018/12/26,2.81,2018/12/26,"9,478.99",20181212,30.445,26-Dec-18,"3,857.30"
2018/12/27,"1,311.90",2018/12/27,44.48,2018/12/27,2.77,2018/12/27,"9,641.56",20181213,30.42,27-Dec-18,"3,654.83"
2018/12/28,"1,313.70",2018/12/28,45.15,2018/12/28,2.72,2018/12/28,"9,727.41",20181214,30.435,28-Dec-18,"3,923.92"
2019/1/2,"1,315.30",2019/1/2,46.31,2019/1/2,2.66,2019/1/2,"9,554.14",20181217,30.445,2-Jan-19,"3,943.41"
2019/1/3,"1,326.10",2019/1/3,46.92,2019/1/3,2.56,2019/1/3,"9,492.42",20181218,30.44,3-Jan-19,"3,836.74"
2019/1/4,"1,317.40",2019/1/4,47.76,2019/1/4,2.67,2019/1/4,"9,382.51",20181219,30.385,4-Jan-19,"3,857.72"
2019/1/7,"1,321.50",2019/1/7,48.27,2019/1/7,2.7,2019/1/7,"9,590.30",20181220,30.41,7-Jan-19,"4,025.25"
2019/1/8,"1,317.40",2019/1/8,49.58,2019/1/8,2.73,2019/1/8,"9,563.60",20181221,30.375,8-Jan-19,"4,030.85"
2019/1/9,"1,323.50",2019/1/9,52.19,2019/1/9,2.74,2019/1/9,"9,738.31",20181222,30.4,9-Jan-19,"4,035.30"
2019/1/10,"1,319.20",2019/1/10,52.42,2019/1/10,2.74,2019/1/10,"9,720.69",20181224,30.41,10-Jan-19,"3,678.92"
2019/1/11,"1,321.30",2019/1/11,51.44,2019/1/11,2.71,2019/1/11,"9,759.40",20181225,30.38,11-Jan-19,"3,687.37"
2019/1/14,"1,323.30",2019/1/14,50.31,2019/1/14,2.71,2019/1/14,"9,708.22",20181226,30.39,14-Jan-19,"3,706.05"
2019/1/15,"1,319.70",2019/1/15,51.8,2019/1/15,2.72,2019/1/15,"9,806.04",20181227,30.37,15-Jan-19,"3,630.68"
2019/1/16,"1,325.10",2019/1/16,52.08,2019/1/16,2.73,2019/1/16,"9,763.81",20181228,30.295,16-Jan-19,"3,655.01"
2019/1/17,"1,323.60",2019/1/17,51.83,2019/1/17,2.75,2019/1/17,"9,789.15",20190102,30.365,17-Jan-19,"3,678.56"
2019/1/18,"1,313.80",2019/1/18,53.6,2019/1/18,2.79,2019/1/18,"9,836.06",20190103,30.455,18-Jan-19,"3,657.84"
2019/1/22,"1,314.20",2019/1/22,52.59,2019/1/22,2.74,2019/1/22,"9,894.66",20190104,30.435,22-Jan-19,"3,604.58"
2019/1/23,"1,315.20",2019/1/23,52.44,2019/1/23,2.76,2019/1/23,"9,846.40",20190107,30.385,23-Jan-19,"3,585.12"
2019/1/24,"1,310.80",2019/1/24,52.94,2019/1/24,2.72,2019/1/24,"9,877.12",20190108,30.415,24-Jan-19,"3,600.87"
2019/1/25,"1,329.10",2019/1/25,53.53,2019/1/25,2.76,2019/1/25,"9,969.61",20190109,30.375,25-Jan-19,"3,599.77"
2019/1/28,"1,334.50",2019/1/28,51.79,2019/1/28,2.75,2019/1/28,"10,013.33",20190110,30.36,28-Jan-19,"3,470.45"
2019/1/29,"1,340.20",2019/1/29,53.07,2019/1/29,2.72,2019/1/29,"9,931.59",20190111,30.375,29-Jan-19,"3,448.12"
2019/1/30,"1,340.50",2019/1/30,54.18,2019/1/30,2.7,2019/1/30,"9,932.26",20190114,30.42,30-Jan-19,"3,486.18"
2019/2/11,"1,337.00",2019/2/11,52.43,2019/2/11,2.65,2019/2/11,"10,004.25",20190115,30.395,11-Feb-19,"3,648.43"
2019/2/12,"1,338.90",2019/2/12,53.14,2019/2/12,2.68,2019/2/12,"10,097.74",20190116,30.405,12-Feb-19,"3,653.53"
2019/2/13,"1,340.10",2019/2/13,53.84,2019/2/13,2.71,2019/2/13,"10,090.58",20190117,30.425,13-Feb-19,"3,632.07"
2019/2/14,"1,338.70",2019/2/14,54.4,2019/2/14,2.66,2019/2/14,"10,089.01",20190118,30.42,14-Feb-19,"3,616.88"
2019/2/15,"1,346.80",2019/2/15,55.58,2019/2/15,2.66,2019/2/15,"10,064.78",20190119,30.415,15-Feb-19,"3,620.81"
2019/2/20,"1,372.50",2019/2/20,56.9,2019/2/20,2.65,2019/2/20,"10,272.46",20190121,30.425,20-Feb-19,"3,999.82"
2019/2/21,"1,352.40",2019/2/21,56.95,2019/2/21,2.69,2019/2/21,"10,319.53",20190122,30.47,21-Feb-19,"3,954.12"
2019/2/22,"1,357.60",2019/2/22,57.01,2019/2/22,2.65,2019/2/22,"10,322.92",20190123,30.47,22-Feb-19,"4,005.53"
2019/2/25,"1,354.20",2019/2/25,55.32,2019/2/25,2.67,2019/2/25,"10,390.93",20190124,30.46,25-Feb-19,"3,882.70"
2019/2/26,"1,353.40",2019/2/26,55.4,2019/2/26,2.64,2019/2/26,"10,391.55",20190125,30.4,26-Feb-19,"3,854.36"
2019/2/27,"1,346.00",2019/2/27,56.92,2019/2/27,2.69,2019/2/27,"10,389.17",20190128,30.37,27-Feb-19,"3,851.05"
2019/3/4,"1,311.90",2019/3/4,56.6,2019/3/4,2.72,2019/3/4,"10,349.88",20190129,30.39,4-Mar-19,"3,761.56"
2019/3/5,"1,309.10",2019/3/5,56.55,2019/3/5,2.72,2019/3/5,"10,305.26",20190130,30.34,5-Mar-19,"3,896.38"
2019/3/6,"1,312.20",2019/3/6,56.22,2019/3/6,2.69,2019/3/6,"10,357.15",20190131,30.315,6-Mar-19,"3,903.94"
2019/3/7,"1,310.70",2019/3/7,56.6,2019/3/7,2.64,2019/3/7,"10,311.68",20190201,30.315,7-Mar-19,"3,911.48"
2019/3/8,"1,324.30",2019/3/8,55.77,2019/3/8,2.62,2019/3/8,"10,241.75",20190211,30.38,8-Mar-19,"3,901.13"
2019/3/11,"1,315.70",2019/3/11,56.79,2019/3/11,2.64,2019/3/11,"10,250.28",20190212,30.41,11-Mar-19,"3,905.23"
2019/3/12,"1,322.40",2019/3/12,56.89,2019/3/12,2.61,2019/3/12,"10,343.33",20190213,30.41,12-Mar-19,"3,909.16"
2019/3/13,"1,333.80",2019/3/13,58.27,2019/3/13,2.61,2019/3/13,"10,373.32",20190214,30.41,13-Mar-19,"3,906.72"
2019/3/14,"1,319.40",2019/3/14,58.59,2019/3/14,2.63,2019/3/14,"10,348.65",20190215,30.43,14-Mar-19,"3,924.37"
2019/3/15,"1,327.10",2019/3/15,58.51,2019/3/15,2.59,2019/3/15,"10,439.24",20190218,30.42,15-Mar-19,"3,960.91"
2019/3/18,"1,325.80",2019/3/18,59.09,2019/3/18,2.6,2019/3/18,"10,512.70",20190219,30.415,18-Mar-19,"4,032.51"
2019/3/19,"1,330.90",2019/3/19,59.12,2019/3/19,2.61,2019/3/19,"10,512.32",20190220,30.405,19-Mar-19,"4,071.19"
2019/3/20,"1,325.80",2019/3/20,60.12,2019/3/20,2.54,2019/3/20,"10,551.56",20190221,30.405,20-Mar-19,"4,087.48"
2019/3/21,"1,331.60",2019/3/21,59.98,2019/3/21,2.54,2019/3/21,"10,609.55",20190222,30.4,21-Mar-19,"4,029.33"
2019/3/22,"1,336.50",2019/3/22,58.87,2019/3/22,2.44,2019/3/22,"10,639.07",20190223,30.4,22-Mar-19,"4,023.97"
2019/3/25,"1,346.70",2019/3/25,58.71,2019/3/25,2.43,2019/3/25,"10,479.48",20190225,30.37,25-Mar-19,"3,963.07"
2019/3/26,"1,339.20",2019/3/26,59.87,2019/3/26,2.41,2019/3/26,"10,559.20",20190226,30.36,26-Mar-19,"3,985.08"
2019/3/27,"1,334.70",2019/3/27,59.39,2019/3/27,2.39,2019/3/27,"10,542.70",20190227,30.35,27-Mar-19,"4,087.07"
2019/3/28,"1,313.30",2019/3/28,59.29,2019/3/28,2.39,2019/3/28,"10,536.26",20190304,30.4,28-Mar-19,"4,069.11"
2019/3/29,"1,316.50",2019/3/29,60.19,2019/3/29,2.41,2019/3/29,"10,641.04",20190305,30.42,29-Mar-19,"4,098.37"
2019/4/1,"1,312.40",2019/4/1,61.59,2019/4/1,2.49,2019/4/1,"10,642.63",20190306,30.425,1-Apr-19,"4,158.18"
2019/4/2,"1,313.40",2019/4/2,62.53,2019/4/2,2.48,2019/4/2,"10,690.30",20190307,30.445,2-Apr-19,"4,879.88"
2019/4/3,"1,313.30",2019/4/3,62.46,2019/4/3,2.52,2019/4/3,"10,704.38",20190308,30.475,3-Apr-19,"4,973.02"
2019/4/8,"1,319.90",2019/4/8,64.37,2019/4/8,2.52,2019/4/8,"10,800.57",20190311,30.48,8-Apr-19,"5,289.77"
2019/4/9,"1,326.30",2019/4/9,64.05,2019/4/9,2.51,2019/4/9,"10,851.60",20190312,30.48,9-Apr-19,"5,204.96"
2019/4/10,"1,331.90",2019/4/10,64.62,2019/4/10,2.48,2019/4/10,"10,868.14",20190313,30.48,10-Apr-19,"5,324.55"
2019/4/11,"1,311.30",2019/4/11,63.61,2019/4/11,2.51,2019/4/11,"10,808.77",20190314,30.47,11-Apr-19,"5,064.49"
2019/4/12,"1,313.40",2019/4/12,63.86,2019/4/12,2.56,2019/4/12,"10,805.30",20190315,30.455,12-Apr-19,"5,089.54"
2019/4/15,"1,309.40",2019/4/15,63.43,2019/4/15,2.55,2019/4/15,"10,875.60",20190318,30.41,15-Apr-19,"5,067.11"
2019/4/16,"1,295.20",2019/4/16,64.01,2019/4/16,2.6,2019/4/16,"10,927.85",20190319,30.41,16-Apr-19,"5,235.56"
2019/4/17,"1,294.70",2019/4/17,63.74,2019/4/17,2.59,2019/4/17,"10,997.26",20190320,30.41,17-Apr-19,"5,251.94"
2019/4/18,"1,294.10",2019/4/18,64.02,2019/4/18,2.57,2019/4/18,"10,962.02",20190321,30.39,18-Apr-19,"5,298.39"
2019/4/22,"1,295.80",2019/4/22,65.66,2019/4/22,2.59,2019/4/19,"10,968.50",20190322,30.375,19-Apr-19,"5,303.81"
2019/4/23,"1,291.20",2019/4/23,66.24,2019/4/23,2.57,2019/4/22,"10,987.71",20190325,30.4,22-Apr-19,"5,399.37"
2019/4/24,"1,297.40",2019/4/24,65.96,2019/4/24,2.53,2019/4/23,"11,025.68",20190326,30.41,23-Apr-19,"5,572.36"
2019/4/25,"1,297.70",2019/4/25,65.23,2019/4/25,2.54,2019/4/24,"11,027.64",20190327,30.43,24-Apr-19,"5,464.87"
2019/4/26,"1,306.80",2019/4/26,63.29,2019/4/26,2.51,2019/4/25,"11,039.86",20190328,30.425,25-Apr-19,"5,210.52"
2019/4/29,"1,299.40",2019/4/29,63.39,2019/4/29,2.54,2019/4/26,"10,952.47",20190329,30.4,26-Apr-19,"5,279.35"
2019/4/30,"1,303.60",2019/4/30,63.83,2019/4/30,2.51,2019/4/29,"10,939.06",20190401,30.375,29-Apr-19,"5,247.35"
2019/5/1,"1,302.20",2019/5/1,63.55,2019/5/1,2.52,2019/4/30,"10,967.73",20190402,30.415,30-Apr-19,"5,350.73"
2019/5/2,"1,289.90",2019/5/2,61.75,2019/5/2,2.55,2019/5/2,"11,004.49",20190403,30.39,2-May-19,"5,505.28"
2019/5/3,"1,299.20",2019/5/3,61.98,2019/5/3,2.54,2019/5/3,"11,096.30",20190408,30.41,3-May-19,"5,768.29"
2019/5/6,"1,301.80",2019/5/6,62.3,2019/5/6,2.51,2019/5/6,"10,897.12",20190409,30.415,6-May-19,"5,746.81"
2019/5/7,"1,303.60",2019/5/7,61.41,2019/5/7,2.45,2019/5/7,"10,987.14",20190410,30.415,7-May-19,"5,829.50"
2019/5/8,"1,299.50",2019/5/8,62.13,2019/5/8,2.49,2019/5/8,"10,923.71",20190411,30.44,8-May-19,"5,982.46"
2019/5/9,"1,303.20",2019/5/9,61.58,2019/5/9,2.45,2019/5/9,"10,733.67",20190412,30.455,9-May-19,"6,174.53"
2019/5/10,"1,305.30",2019/5/10,61.65,2019/5/10,2.47,2019/5/10,"10,712.99",20190415,30.44,10-May-19,"6,378.85"
2019/5/13,"1,319.50",2019/5/13,60.97,2019/5/13,2.4,2019/5/13,"10,558.29",20190416,30.45,13-May-19,"7,814.92"
2019/5/14,"1,313.60",2019/5/14,61.82,2019/5/14,2.42,2019/5/14,"10,519.25",20190417,30.42,14-May-19,"7,994.42"
2019/5/15,"1,315.10",2019/5/15,62.03,2019/5/15,2.37,2019/5/15,"10,560.71",20190418,30.42,15-May-19,"8,205.17"
2019/5/16,"1,303.50",2019/5/16,62.93,2019/5/16,2.4,2019/5/16,"10,474.61",20190419,30.405,16-May-19,"7,884.91"
2019/5/17,"1,293.00",2019/5/17,62.77,2019/5/17,2.39,2019/5/17,"10,384.11",20190422,30.43,17-May-19,"7,343.90"
2019/5/20,"1,294.60",2019/5/20,63.12,2019/5/20,2.41,2019/5/20,"10,398.41",20190423,30.43,20-May-19,"7,978.31"
2019/5/21,"1,290.40",2019/5/21,63.02,2019/5/21,2.43,2019/5/21,"10,464.50",20190424,30.445,21-May-19,"7,963.33"
2019/5/22,"1,291.40",2019/5/22,61.42,2019/5/22,2.39,2019/5/22,"10,457.22",20190425,30.475,22-May-19,"7,680.07"
2019/5/23,"1,302.70",2019/5/23,57.65,2019/5/23,2.31,2019/5/23,"10,308.37",20190426,30.475,23-May-19,"7,881.85"
2019/5/24,"1,301.00",2019/5/24,58.4,2019/5/24,2.32,2019/5/24,"10,328.28",20190429,30.47,24-May-19,"7,987.37"
2019/5/28,"1,294.30",2019/5/28,58.91,2019/5/28,2.26,2019/5/28,"10,312.31",20190430,30.475,28-May-19,"8,719.96"
2019/5/29,"1,297.90",2019/5/29,58.84,2019/5/29,2.25,2019/5/29,"10,301.78",20190502,30.48,29-May-19,"8,659.49"
2019/5/30,"1,304.10",2019/5/30,56.47,2019/5/30,2.22,2019/5/30,"10,382.99",20190503,30.475,30-May-19,"8,319.47"
2019/5/31,"1,322.60",2019/5/31,53.49,2019/5/31,2.14,2019/5/31,"10,498.49",20190506,30.495,31-May-19,"8,574.50"
2019/6/3,"1,339.30",2019/6/3,53.25,2019/6/3,2.07,2019/6/3,"10,500.07",20190507,30.485,3-Jun-19,"8,208.99"
2019/6/4,"1,340.10",2019/6/4,53.5,2019/6/4,2.12,2019/6/4,"10,429.12",20190508,30.495,4-Jun-19,"7,707.77"
2019/6/5,"1,344.90",2019/6/5,51.57,2019/6/5,2.12,2019/6/5,"10,461.62",20190509,30.53,5-Jun-19,"7,824.23"
2019/6/6,"1,354.00",2019/6/6,52.59,2019/6/6,2.12,2019/6/6,"10,409.20",20190510,30.53,6-Jun-19,"7,822.02"
2019/6/10,"1,340.70",2019/6/10,53.33,2019/6/10,2.15,2019/6/10,"10,566.47",20190513,30.645,10-Jun-19,"8,000.33"
2019/6/11,"1,342.70",2019/6/11,53.3,2019/6/11,2.15,2019/6/11,"10,607.76",20190514,30.7,11-Jun-19,"7,927.71"
2019/6/12,"1,348.20",2019/6/12,51.13,2019/6/12,2.13,2019/6/12,"10,615.66",20190515,30.68,12-Jun-19,"8,145.86"
2019/6/13,"1,355.10",2019/6/13,52.38,2019/6/13,2.1,2019/6/13,"10,561.01",20190516,30.74,13-Jun-19,"8,230.92"
2019/6/14,"1,355.90",2019/6/14,52.47,2019/6/14,2.09,2019/6/14,"10,524.67",20190517,30.865,14-Jun-19,"8,693.83"
2019/6/17,"1,354.20",2019/6/17,51.94,2019/6/17,2.09,2019/6/17,"10,530.54",20190520,30.965,17-Jun-19,"9,320.35"
2019/6/18,"1,362.10",2019/6/18,53.86,2019/6/18,2.06,2019/6/18,"10,566.74",20190521,31.04,18-Jun-19,"9,081.76"
2019/6/19,"1,360.10",2019/6/19,53.74,2019/6/19,2.03,2019/6/19,"10,775.34",20190522,31.115,19-Jun-19,"9,273.52"
2019/6/20,"1,408.30",2019/6/20,56.88,2019/6/20,2.01,2019/6/20,"10,785.01",20190523,31.115,20-Jun-19,"9,527.16"
2019/6/21,"1,411.20",2019/6/21,57.35,2019/6/21,2.07,2019/6/21,"10,803.77",20190524,31.085,21-Jun-19,"10,144.56"
2019/6/24,"1,429.50",2019/6/24,57.73,2019/6/24,2.02,2019/6/24,"10,779.45",20190527,31.025,24-Jun-19,"11,011.10"
2019/6/25,"1,430.10",2019/6/25,57.63,2019/6/25,2,2019/6/25,"10,706.72",20190528,31.05,25-Jun-19,"11,790.92"
2019/6/26,"1,426.80",2019/6/26,59.17,2019/6/26,2.05,2019/6/26,"10,652.55",20190529,31.155,26-Jun-19,"13,016.23"
2019/6/27,"1,423.40",2019/6/27,59.18,2019/6/27,2.01,2019/6/27,"10,773.90",20190530,31.18,27-Jun-19,"11,182.81"
2019/6/28,"1,425.10",2019/6/28,58.2,2019/6/28,2,2019/6/28,"10,730.83",20190531,31.18,28-Jun-19,"12,407.33"
2019/7/1,"1,400.80",2019/7/1,58.91,2019/7/1,2.03,2019/7/1,"10,895.46",20190603,31.075,1-Jul-19,"10,583.13"
2019/7/2,"1,419.80",2019/7/2,56,2019/7/2,1.98,2019/7/2,"10,865.12",20190604,31.04,2-Jul-19,"10,801.68"
2019/7/3,"1,432.90",2019/7/3,57.06,2019/7/3,1.96,2019/7/3,"10,743.77",20190605,30.975,3-Jul-19,"11,961.27"
2019/7/8,"1,412.20",2019/7/8,57.35,2019/7/8,2.05,2019/7/8,"10,751.22",20190606,30.975,8-Jul-19,"12,285.96"
2019/7/9,"1,412.80",2019/7/9,57.57,2019/7/9,2.07,2019/7/9,"10,702.78",20190610,31.03,9-Jul-19,"12,573.81"
2019/7/10,"1,424.90",2019/7/10,60.28,2019/7/10,2.07,2019/7/10,"10,798.48",20190611,31.025,10-Jul-19,"12,156.51"
2019/7/11,"1,419.30",2019/7/11,59.93,2019/7/11,2.13,2019/7/11,"10,843.42",20190612,31.02,11-Jul-19,"11,358.66"
2019/7/12,"1,424.80",2019/7/12,59.99,2019/7/12,2.12,2019/7/12,"10,824.35",20190613,31.1,12-Jul-19,"11,815.99"
2019/7/15,"1,426.10",2019/7/15,59.3,2019/7/15,2.09,2019/7/15,"10,876.43",20190614,31.115,15-Jul-19,"10,895.09"
2019/7/16,"1,423.60",2019/7/16,57.44,2019/7/16,2.13,2019/7/16,"10,886.05",20190617,31.11,16-Jul-19,"9,477.64"
2019/7/17,"1,435.90",2019/7/17,56.5,2019/7/17,2.06,2019/7/17,"10,828.48",20190618,31.12,17-Jul-19,"9,693.80"
2019/7/18,"1,440.80",2019/7/18,55.08,2019/7/18,2.04,2019/7/18,"10,799.28",20190619,30.945,18-Jul-19,"10,666.48"
2019/7/19,"1,439.40",2019/7/19,55.42,2019/7/19,2.05,2019/7/19,"10,873.19",20190620,30.75,19-Jul-19,"10,530.73"
2019/7/22,"1,439.70",2019/7/22,55.87,2019/7/22,2.05,2019/7/22,"10,944.53",20190621,30.705,22-Jul-19,"10,343.11"
2019/7/23,"1,434.50",2019/7/23,56.58,2019/7/23,2.08,2019/7/23,"10,947.26",20190624,30.695,23-Jul-19,"9,900.77"
2019/7/24,"1,436.50",2019/7/24,55.9,2019/7/24,2.05,2019/7/24,"10,935.76",20190625,30.675,24-Jul-19,"9,811.93"
2019/7/25,"1,427.50",2019/7/25,55.88,2019/7/25,2.08,2019/7/25,"10,941.41",20190626,30.73,25-Jul-19,"9,911.84"
2019/7/26,"1,432.20",2019/7/26,56.04,2019/7/26,2.08,2019/7/26,"10,891.98",20190627,30.68,26-Jul-19,"9,870.30"
2019/7/29,"1,433.30",2019/7/29,56.85,2019/7/29,2.06,2019/7/29,"10,885.73",20190628,30.66,29-Jul-19,"9,519.15"
2019/7/30,"1,441.80",2019/7/30,58.04,2019/7/30,2.06,2019/7/30,"10,830.90",20190701,30.58,30-Jul-19,"9,607.42"
2019/7/31,"1,437.80",2019/7/31,58.53,2019/7/31,2.02,2019/7/31,"10,823.81",20190702,30.645,31-Jul-19,"10,085.63"
2019/8/1,"1,432.40",2019/8/1,53.64,2019/8/1,1.9,2019/8/1,"10,731.75",20190703,30.715,1-Aug-19,"10,399.67"
2019/8/2,"1,457.50",2019/8/2,55.67,2019/8/2,1.86,2019/8/2,"10,549.04",20190704,30.68,2-Aug-19,"10,518.17"
2019/8/5,"1,476.50",2019/8/5,54.63,2019/8/5,1.75,2019/8/5,"10,423.41",20190705,30.695,5-Aug-19,"11,805.65"
2019/8/6,"1,484.20",2019/8/6,53.6,2019/8/6,1.73,2019/8/6,"10,394.75",20190708,30.775,6-Aug-19,"11,478.17"
2019/8/7,"1,519.60",2019/8/7,51.14,2019/8/7,1.71,2019/8/7,"10,386.18",20190709,30.765,7-Aug-19,"11,941.97"
2019/8/8,"1,509.50",2019/8/8,52.6,2019/8/8,1.72,2019/8/8,"10,494.49",20190710,30.735,8-Aug-19,"11,966.41"
2019/8/12,"1,517.20",2019/8/12,54.98,2019/8/12,1.65,2019/8/12,"10,472.36",20190711,30.62,12-Aug-19,"11,382.62"
2019/8/13,"1,514.10",2019/8/13,57.05,2019/8/13,1.68,2019/8/13,"10,362.66",20190712,30.67,13-Aug-19,"10,895.83"
2019/8/14,"1,527.80",2019/8/14,55.16,2019/8/14,1.59,2019/8/14,"10,427.73",20190715,30.64,14-Aug-19,"10,051.70"
2019/8/15,"1,531.20",2019/8/15,54.51,2019/8/15,1.52,2019/8/15,"10,327.13",20190716,30.63,15-Aug-19,"10,311.55"
2019/8/16,"1,523.60",2019/8/16,54.83,2019/8/16,1.55,2019/8/16,"10,420.89",20190717,30.67,16-Aug-19,"10,374.34"
2019/8/19,"1,511.60",2019/8/19,56.24,2019/8/19,1.6,2019/8/19,"10,488.75",20190718,30.665,19-Aug-19,"10,916.05"
2019/8/20,"1,515.70",2019/8/20,56.18,2019/8/20,1.55,2019/8/20,"10,522.50",20190719,30.64,20-Aug-19,"10,763.23"
2019/8/21,"1,515.70",2019/8/21,55.65,2019/8/21,1.59,2019/8/21,"10,525.80",20190722,30.675,21-Aug-19,"10,138.05"
2019/8/22,"1,508.50",2019/8/22,55.33,2019/8/22,1.62,2019/8/22,"10,529.78",20190723,30.675,22-Aug-19,"10,131.06"
2019/8/23,"1,537.60",2019/8/23,54.08,2019/8/23,1.52,2019/8/23,"10,538.11",20190724,30.68,23-Aug-19,"10,407.97"
2019/8/26,"1,537.20",2019/8/26,53.54,2019/8/26,1.54,2019/8/26,"10,354.57",20190725,30.67,26-Aug-19,"10,370.82"
2019/8/27,"1,551.80",2019/8/27,54.99,2019/8/27,1.49,2019/8/27,"10,387.23",20190726,30.68,27-Aug-19,"10,185.50"
2019/8/28,"1,549.10",2019/8/28,55.76,2019/8/28,1.47,2019/8/28,"10,434.29",20190729,30.695,28-Aug-19,"9,754.42"
2019/8/29,"1,536.90",2019/8/29,56.67,2019/8/29,1.5,2019/8/29,"10,462.43",20190730,30.66,29-Aug-19,"9,510.20"
2019/8/30,"1,529.40",2019/8/30,55.07,2019/8/30,1.5,2019/8/30,"10,618.05",20190731,30.69,30-Aug-19,"9,598.17"
2019/9/3,"1,555.90",2019/9/3,53.91,2019/9/3,1.47,2019/9/3,"10,558.21",20190801,30.77,3-Sep-19,"10,623.54"
2019/9/4,"1,560.40",2019/9/4,56.22,2019/9/4,1.47,2019/9/4,"10,657.31",20190802,30.975,4-Sep-19,"10,594.49"
2019/9/5,"1,525.50",2019/9/5,56.33,2019/9/5,1.57,2019/9/5,"10,756.93",20190805,31.215,5-Sep-19,"10,575.53"
2019/9/6,"1,515.50",2019/9/6,56.45,2019/9/6,1.55,2019/9/6,"10,780.64",20190806,31.09,6-Sep-19,"10,353.30"
2019/9/9,"1,511.10",2019/9/9,57.88,2019/9/9,1.63,2019/9/9,"10,801.14",20190807,31.065,9-Sep-19,"10,334.97"
2019/9/10,"1,499.20",2019/9/10,57.37,2019/9/10,1.72,2019/9/10,"10,753.58",20190808,30.955,10-Sep-19,"10,115.98"
2019/9/11,"1,503.20",2019/9/11,55.66,2019/9/11,1.75,2019/9/11,"10,790.35",20190809,30.95,11-Sep-19,"10,178.37"
2019/9/12,"1,507.40",2019/9/12,55.13,2019/9/12,1.79,2019/9/12,"10,827.55",20190812,31,12-Sep-19,"10,410.13"
2019/9/16,"1,511.50",2019/9/16,63.1,2019/9/16,1.84,2019/9/16,"10,898.13",20190813,31.1,16-Sep-19,"10,276.79"
2019/9/17,"1,513.40",2019/9/17,59.26,2019/9/17,1.81,2019/9/17,"10,874.50",20190814,31,17-Sep-19,"10,241.27"
2019/9/18,"1,515.80",2019/9/18,58.19,2019/9/18,1.8,2019/9/18,"10,929.45",20190815,30.965,18-Sep-19,"10,198.25"
2019/9/19,"1,506.20",2019/9/19,58.19,2019/9/19,1.79,2019/9/19,"10,894.70",20190816,30.96,19-Sep-19,"10,266.41"
2019/9/20,"1,515.10",2019/9/20,57.92,2019/9/20,1.74,2019/9/20,"10,929.69",20190819,30.94,20-Sep-19,"10,181.64"
2019/9/23,"1,531.50",2019/9/23,58.69,2019/9/23,1.72,2019/9/23,"10,919.02",20190820,30.995,23-Sep-19,"9,729.32"
2019/9/24,"1,540.20",2019/9/24,57.22,2019/9/24,1.64,2019/9/24,"10,918.01",20190821,30.96,24-Sep-19,"8,620.57"
2019/9/25,"1,512.30",2019/9/25,56.38,2019/9/25,1.73,2019/9/25,"10,873.69",20190822,30.975,25-Sep-19,"8,486.99"
2019/9/26,"1,515.20",2019/9/26,56.24,2019/9/26,1.7,2019/9/26,"10,871.99",20190823,30.975,26-Sep-19,"8,118.97"
2019/9/27,"1,506.40",2019/9/27,55.95,2019/9/27,1.69,2019/9/27,"10,829.68",20190826,31.01,27-Sep-19,"8,251.85"
2019/10/1,"1,489.00",2019/10/1,53.6,2019/10/1,1.65,2019/10/1,"10,967.65",20190827,31,1-Oct-19,"8,343.28"
2019/10/2,"1,507.90",2019/10/2,52.67,2019/10/2,1.6,2019/10/2,"10,947.88",20190828,31.015,2-Oct-19,"8,393.04"
2019/10/3,"1,513.80",2019/10/3,52.41,2019/10/3,1.54,2019/10/3,"10,875.91",20190829,31.025,3-Oct-19,"8,259.99"
2019/10/4,"1,512.90",2019/10/4,52.84,2019/10/4,1.52,2019/10/4,"10,894.48",20190830,30.99,4-Oct-19,"8,205.94"
2019/10/7,"1,504.40",2019/10/7,52.76,2019/10/7,1.56,2019/10/7,"10,935.06",20190902,30.975,7-Oct-19,"8,245.62"
2019/10/8,"1,503.90",2019/10/8,52.64,2019/10/8,1.54,2019/10/8,"11,017.31",20190903,31.02,8-Oct-19,"8,228.78"
2019/10/9,"1,512.80",2019/10/9,52.63,2019/10/9,1.59,2019/10/9,"10,889.96",20190904,30.95,9-Oct-19,"8,595.74"
2019/10/15,"1,483.50",2019/10/15,52.81,2019/10/15,1.77,2019/10/15,"11,111.80",20190905,30.87,15-Oct-19,"8,205.37"
2019/10/16,"1,494.00",2019/10/16,53.42,2019/10/16,1.75,2019/10/16,"11,162.83",20190906,30.845,16-Oct-19,"8,047.53"
2019/10/17,"1,498.30",2019/10/17,53.89,2019/10/17,1.76,2019/10/17,"11,186.88",20190909,30.845,17-Oct-19,"8,103.91"
2019/10/18,"1,494.10",2019/10/18,53.75,2019/10/18,1.76,2019/10/18,"11,180.22",20190910,30.815,18-Oct-19,"7,973.21"
2019/10/21,"1,488.10",2019/10/21,53.28,2019/10/21,1.8,2019/10/21,"11,184.15",20190911,30.805,21-Oct-19,"8,243.72"
2019/10/22,"1,487.50",2019/10/22,54.21,2019/10/22,1.78,2019/10/22,"11,271.25",20190912,30.635,22-Oct-19,"8,078.20"
2019/10/23,"1,495.70",2019/10/23,55.9,2019/10/23,1.77,2019/10/23,"11,239.67",20190916,30.57,23-Oct-19,"7,514.67"
2019/10/24,"1,504.70",2019/10/24,56.11,2019/10/24,1.77,2019/10/24,"11,320.14",20190917,30.62,24-Oct-19,"7,493.49"
2019/10/25,"1,505.30",2019/10/25,56.52,2019/10/25,1.8,2019/10/25,"11,296.12",20190918,30.575,25-Oct-19,"8,660.70"
2019/10/28,"1,495.80",2019/10/28,55.6,2019/10/28,1.85,2019/10/28,"11,315.02",20190919,30.595,28-Oct-19,"9,256.15"
2019/10/29,"1,490.70",2019/10/29,55.34,2019/10/29,1.84,2019/10/29,"11,333.87",20190920,30.56,29-Oct-19,"9,427.69"
2019/10/30,"1,496.70",2019/10/30,54.85,2019/10/30,1.78,2019/10/30,"11,380.28",20190923,30.615,30-Oct-19,"9,205.73"
2019/10/31,"1,514.80",2019/10/31,54.02,2019/10/31,1.69,2019/10/31,"11,358.71",20190924,30.595,31-Oct-19,"9,199.58"
,,,,,,,,20190925,30.62,,
,,,,,,,,20190926,30.615,,
,,,,,,,,20190927,30.62,,
,,,,,,,,20190930,30.64,,
,,,,,,,,20191001,30.635,,
,,,,,,,,20191002,30.655,,
,,,,,,,,20191003,30.65,,
,,,,,,,,20191004,30.555,,
,,,,,,,,20191005,30.54,,
,,,,,,,,20191007,30.485,,
,,,,,,,,20191008,30.425,,
,,,,,,,,20191009,30.435,,
,,,,,,,,20191014,30.2,,
,,,,,,,,20191015,30.27,,
,,,,,,,,20191016,30.31,,
,,,,,,,,20191017,30.26,,
,,,,,,,,20191018,30.205,,
,,,,,,,,20191021,30.175,,
,,,,,,,,20191022,30.175,,
,,,,,,,,20191023,30.19,,
,,,,,,,,20191024,30.175,,
,,,,,,,,20191025,30.17,,
,,,,,,,,20191028,30.17,,
,,,,,,,,20191029,30.105,,
,,,,,,,,20191030,30.1,,
,,,,,,,,20191031,30.04,,
